{"train_runtime": 7.2696, "train_samples_per_second": 0.688, "train_steps_per_second": 0.688, "total_flos": 3129645711360.0, "train_loss": 1.8288261413574218, "train/epoch": 0.034013605442176874, "train/global_step": 5, "_timestamp": 1723733767.7639492, "_runtime": 9.505841255187988, "_step": 1, "eval/loss": 2.145503520965576, "eval/runtime": 3.5333, "eval/samples_per_second": 4.811, "eval/steps_per_second": 4.811, "_wandb": {"runtime": 8}}