{"train_runtime": 17.9181, "train_samples_per_second": 0.279, "train_steps_per_second": 0.279, "total_flos": 3124171112448.0, "train_loss": 1.6721120834350587, "train/epoch": 0.034013605442176874, "train/global_step": 5, "_timestamp": 1723736773.084401, "_runtime": 19.439592838287354, "_step": 1, "eval/loss": 1.885926604270935, "eval/runtime": 4.4828, "eval/samples_per_second": 3.792, "eval/steps_per_second": 3.792, "_wandb": {"runtime": 18}}