{"train_runtime": 7.0187, "train_samples_per_second": 0.712, "train_steps_per_second": 0.712, "total_flos": 2042025394176.0, "train_loss": 2.5682220458984375, "train/epoch": 0.034013605442176874, "train/global_step": 5, "_timestamp": 1722513308.1708338, "_runtime": 9.465598821640015, "_step": 1, "eval/loss": 1.912755012512207, "eval/runtime": 3.45, "eval/samples_per_second": 4.928, "eval/steps_per_second": 4.928, "_wandb": {"runtime": 8}}